{
  "images" : [
    {
      "filename" : "TURY-11.png",
      "idiom" : "iphone",
      "scale" : "2x",
      "size" : "20x20"
    },
    {
      "filename" : "TURY-10.png",
      "idiom" : "iphone",
      "scale" : "3x",
      "size" : "20x20"
    },
    {
      "filename" : "TURY-15.png",
      "idiom" : "iphone",
      "scale" : "2x",
      "size" : "29x29"
    },
    {
      "filename" : "TURY-16.png",
      "idiom" : "iphone",
      "scale" : "3x",
      "size" : "29x29"
    },
    {
      "filename" : "TURY-9.png",
      "idiom" : "iphone",
      "scale" : "2x",
      "size" : "40x40"
    },
    {
      "filename" : "TURY-12.png",
      "idiom" : "iphone",
      "scale" : "3x",
      "size" : "40x40"
    },
    {
      "filename" : "TURY-13.png",
      "idiom" : "iphone",
      "scale" : "2x",
      "size" : "60x60"
    },
    {
      "filename" : "TURY-14.png",
      "idiom" : "iphone",
      "scale" : "3x",
      "size" : "60x60"
    },
    {
      "filename" : "TURY-1.png",
      "idiom" : "ipad",
      "scale" : "1x",
      "size" : "20x20"
    },
    {
      "filename" : "TURY-3.png",
      "idiom" : "ipad",
      "scale" : "2x",
      "size" : "20x20"
    },
    {
      "filename" : "TURY-5.png",
      "idiom" : "ipad",
      "scale" : "1x",
      "size" : "29x29"
    },
    {
      "filename" : "TURY-7.png",
      "idiom" : "ipad",
      "scale" : "2x",
      "size" : "29x29"
    },
    {
      "idiom" : "ipad",
      "scale" : "1x",
      "size" : "40x40"
    },
    {
      "filename" : "TURY-2.png",
      "idiom" : "ipad",
      "scale" : "2x",
      "size" : "40x40"
    },
    {
      "filename" : "TURY-4.png",
      "idiom" : "ipad",
      "scale" : "1x",
      "size" : "76x76"
    },
    {
      "filename" : "TURY-6.png",
      "idiom" : "ipad",
      "scale" : "2x",
      "size" : "76x76"
    },
    {
      "filename" : "TURY-8.png",
      "idiom" : "ipad",
      "scale" : "2x",
      "size" : "83.5x83.5"
    },
    {
      "filename" : "TURY.png",
      "idiom" : "ios-marketing",
      "scale" : "1x",
      "size" : "1024x1024"
    }
  ],
  "info" : {
    "author" : "xcode",
    "version" : 1
  }
}
